INSERT INTO `airline` (`airline_name`) VALUES ('China Eastern');
INSERT INTO `airline` (`airline_name`) VALUES ('American Airlines');
INSERT INTO `airline` (`airline_name`) VALUES ('Emirates');
INSERT INTO `airline` (`airline_name`) VALUES ('Spirit');
INSERT INTO `airline` (`airline_name`) VALUES ('JetBlue');
INSERT INTO `airline` (`airline_name`) VALUES ('Cathay Pacific');
INSERT INTO `airline` (`airline_name`) VALUES ('China Southern ');
INSERT INTO `airport` (`name`, `city`) VALUES ('JFK', 'NYC');
INSERT INTO `airport` (`name`, `city`) VALUES ('PVG', 'SH');
INSERT INTO `airport` (`name`, `city`) VALUES ('CSX', 'CS');
INSERT INTO `airport` (`name`, `city`) VALUES ('EWR', 'NJ');
INSERT INTO `airport` (`name`, `city`) VALUES ('LAX', 'LA');
INSERT INTO `airport` (`name`, `city`) VALUES ('DXB', 'DU');
INSERT INTO `airport` (`name`, `city`) VALUES ('SHA', 'SH');
INSERT INTO `airport` (`name`, `city`) VALUES ('BER', 'BE');
INSERT INTO `airport` (`name`, `city`) VALUES ('LCY', 'LON');
INSERT INTO `customer` (`email`, `name`, `password`, `date_of_birth`, `state`, `city`, `street`, `building_no`, `phone_no`, `passport_no`, `passport_exp`, `passport_country`) VALUES ('ys2976@nyu.edu', 'NealShu', '123456', '1999/01/24', 'New York', 'Brooklyn', 'Gold Street', '343', '9174605219', 'E88461891', '2026/10/24', 'China');
INSERT INTO `customer` (`email`, `name`, `password`, `date_of_birth`, `state`, `city`, `street`, `building_no`, `phone_no`, `passport_no`, `passport_exp`, `passport_country`) VALUES ('jf2099@gmail.com', 'James Frog', '123456', '1986/04/04', 'Shanghai', 'Shanghai', 'Zhangyang St.', '3680', '13329669948', 'EA3662790', '2021/05/24', 'United States');
INSERT INTO `customer` (`email`, `name`, `password`, `date_of_birth`, `state`, `city`, `street`, `building_no`, `phone_no`, `passport_no`, `passport_exp`, `passport_country`) VALUES ('gtoussaint@gmail.com', 'Godfried Toussaint', '234567', '1956/12/22', 'Belgium', 'Brussels', 'Random ', '477', '14569920012', 'ER9910211', '2026/01/24', 'Belgium');
INSERT INTO `customer` (`email`, `name`, `password`, `date_of_birth`, `state`, `city`, `street`, `building_no`, `phone_no`, `passport_no`, `passport_exp`, `passport_country`) VALUES ('rtd921@hu.edu', 'Rayman Brown', '991000', '1992/01/31', 'California', 'Los Angeles', 'This Street', '1009', '9823345621', 'QS1230092', '2019/10/11', 'United States');
INSERT INTO `airplane` (`airline_name`, `planeID`, `seats`) VALUES ('China Eastern', '211', '90');
INSERT INTO `airplane` (`airline_name`, `planeID`, `seats`) VALUES ('American Airlines', '790', '320');
INSERT INTO `airplane` (`airline_name`, `planeID`, `seats`) VALUES ('China Eastern', '999', '230');
INSERT INTO `airplane` (`airline_name`, `planeID`, `seats`) VALUES ('Emirates', '931', '233');
INSERT INTO `airplane` (`airline_name`, `planeID`, `seats`) VALUES ('Emirates', '144', '22');
INSERT INTO `airplane` (`airline_name`, `planeID`, `seats`) VALUES ('JetBlue', '321', '130');
INSERT INTO `airplane` (`airline_name`, `planeID`, `seats`) VALUES ('Spirit', '900', '75');
INSERT INTO `airplane` (`airline_name`, `planeID`, `seats`) VALUES ('China Southern ', '231', '95');
INSERT INTO `airplane` (`airline_name`, `planeID`, `seats`) VALUES ('Cathay Pacific', '721', '250');
INSERT INTO `airplane` (`airline_name`, `planeID`, `seats`) VALUES ('Cathay Pacific', '211', '90');
INSERT INTO `airplane` (`airline_name`, `planeID`, `seats`) VALUES ('JetBlue', '900', '120');
INSERT INTO `airline_staff` (`username`, `password`, `airline_name`, `first_name`, `last_name`, `date_of_birth`) VALUES ('Overwatcher', '123456', 'China Eastern', 'Game', 'Over', '1970/12/22');
INSERT INTO `airline_staff` (`username`, `password`, `airline_name`, `first_name`, `last_name`, `date_of_birth`) VALUES ('Dude', '123456', 'Cathay Pacific', 'Du', 'De', '1986/04/12');
INSERT INTO `airline_staff` (`username`, `password`, `airline_name`, `first_name`, `last_name`, `date_of_birth`) VALUES ('FolkFly', '234567', 'Spirit', 'Folk', 'Fly', '1986/04/04');
INSERT INTO `phone_number` (`username`, `phone_number`) VALUES ('Overwatcher', '13329091212');
INSERT INTO `flight` (`planeID`, `airline_name`, `flight_no`, `departure_date_time`, `arrival_date_time`, `departs_from`, `arrives_from`, `base_price`, `flight_status`) VALUES ('211', 'China Eastern', 'MU930', '2019-06-05 13:46:00', '2019-06-05 15:05:00', 'PVG', 'JFK', '12000', 'delayed');
INSERT INTO `flight` (`planeID`, `airline_name`, `flight_no`, `departure_date_time`, `arrival_date_time`, `departs_from`, `arrives_from`, `base_price`, `flight_status`) VALUES ('790', 'American Airlines', 'AM211', '2019-06-07 11:20:00', '2019-06-07 13:40:00', 'JFK', 'PVG', '14000', 'ontime');
INSERT INTO `flight` (`planeID`, `airline_name`, `flight_no`, `departure_date_time`, `arrival_date_time`, `departs_from`, `arrives_from`, `base_price`, `flight_status`) VALUES ('999', 'China Eastern', 'MU271', '2019-08-04 19:20:00', '2019-08-05 04:00:00', 'JFK', 'PVG', '6500', 'ontime');
INSERT INTO `flight` (`planeID`, `airline_name`, `flight_no`, `departure_date_time`, `arrival_date_time`, `departs_from`, `arrives_from`, `base_price`, `flight_status`) VALUES ('321', 'JetBlue', 'JB666', '2020-01-01 00:00:00', '2020-01-01 08:00:00', 'BER', 'PVG', '10000', 'ontime');
INSERT INTO `flight` (`planeID`, `airline_name`, `flight_no`, `departure_date_time`, `arrival_date_time`, `departs_from`, `arrives_from`, `base_price`, `flight_status`) VALUES ('231', 'China Southern ', 'CS721', '2019-09-11 00:00:00', '2020-01-15 00:00:00', 'BER', 'CSX', '25000', 'delayed');
INSERT INTO `flight` (`planeID`, `airline_name`, `flight_no`, `departure_date_time`, `arrival_date_time`, `departs_from`, `arrives_from`, `base_price`, `flight_status`) VALUES ('931', 'Emirates', 'EM888', '2019-07-31 09:00:00', '2019-07-31 12:30:00', 'DXB', 'SHA', '5000', 'ontime');
INSERT INTO `flight` (`planeID`, `airline_name`, `flight_no`, `departure_date_time`, `arrival_date_time`, `departs_from`, `arrives_from`, `base_price`, `flight_status`) VALUES ('231', 'China Southern ', 'CS457', '2019-09-16 00:00:00', '2019-09-16 02:00:00', 'CSX', 'PVG', '1900', 'ontime');
INSERT INTO `flight` (`planeID`, `airline_name`, `flight_no`, `departure_date_time`, `arrival_date_time`, `departs_from`, `arrives_from`, `base_price`, `flight_status`) VALUES ('721', 'Cathay Pacific', 'CP119', '2019-08-23 19:00:00', '2019-08-23 23:00:00', 'LCY', 'BER', '3500', 'delayed');
INSERT INTO `flight` (`planeID`, `airline_name`, `flight_no`, `departure_date_time`, `arrival_date_time`, `departs_from`, `arrives_from`, `base_price`, `flight_status`) VALUES ('931', 'Emirates', 'EM151', '2019-07-28 12:00:00', '2019-07-28 23:00:00', 'JFK', 'LCY', '12000', 'delayed');
INSERT INTO `flight` (`planeID`, `airline_name`, `flight_no`, `departure_date_time`, `arrival_date_time`, `departs_from`, `arrives_from`, `base_price`, `flight_status`) VALUES ('721', 'Cathay Pacific', 'CP113', '2019-08-01 00:00:00', '2019-08-01 13:00:00', 'PVG', 'JFK', '12000', 'ontime');
INSERT INTO `flight` (`planeID`, `airline_name`, `flight_no`, `departure_date_time`, `arrival_date_time`, `departs_from`, `arrives_from`, `base_price`, `flight_status`) VALUES ('721', 'Cathay Pacific', 'CP114', '2019-08-02 00:00:00', '2019-08-02 13:00:00', 'JFK', 'PVG', '12000', 'ontime');
INSERT INTO `flight` (`planeID`, `airline_name`, `flight_no`, `departure_date_time`, `arrival_date_time`, `departs_from`, `arrives_from`, `base_price`, `flight_status`) VALUES ('144', 'Emirates', 'EM113', '2020-01-17 11:00:00', '2020-01-17 23:00:00', 'PVG', 'BER', '12000', 'delayed');
INSERT INTO `flight` (`planeID`, `airline_name`, `flight_no`, `departure_date_time`, `arrival_date_time`, `departs_from`, `arrives_from`, `base_price`, `flight_status`) VALUES ('900', 'Spirit', 'SP921', '2019-07-09 00:00:00', '2019-07-09 04:00:00', 'EWR', 'LAX', '4000', 'ontime');
INSERT INTO `flight` (`planeID`, `airline_name`, `flight_no`, `departure_date_time`, `arrival_date_time`, `departs_from`, `arrives_from`, `base_price`, `flight_status`) VALUES ('900', 'Spirit', 'SP922', '2019-07-10 00:00:00', '2019-07-10 04:00:00', 'LAX', 'EWR', '3800', 'ontime');
INSERT INTO `ticket` (`ticketID`, `email`, `airline_name`, `flight_no`, `departure_date_time`, `sold_price`, `purchase_date_time`, `card_type`, `card_no`, `name_on_card`, `exp_date`) VALUES ('43012595400652', 'ys2976@nyu.edu', 'Cathay Pacific', 'CP113', '2019-06-05 13:46:00', '20000', '2019-06-04 15:11:00', 'credit', '6223844129506006', 'YUNSHU', '2021-08-10');
INSERT INTO `ticket` (`ticketID`, `email`, `airline_name`, `flight_no`, `departure_date_time`, `sold_price`, `purchase_date_time`, `card_type`, `card_no`, `name_on_card`, `exp_date`) VALUES ('11456238845621', 'jf2099@gmail.com', 'American Airlines', 'AM211', '2019-06-07 11:20:00', '20000', '2019-06-01 05:46:00', 'debit', '6224577148929203', 'James Frog', '2020-07-25');
