#INSERT INTO `airline` (`airline_name`) VALUES ('Air China');
INSERT INTO `airline_staff` (`username`, `password`, `airline_name`, `first_name`, `last_name`, `date_of_birth`) VALUES ('admin', 'abcd', 'Air China', 'Roe', 'Zhang', '1978/05/25');
INSERT INTO `airplane` (`airline_name`, `planeID`, `seats`) VALUES ('Air China', '1', '4');
INSERT INTO `airplane` (`airline_name`, `planeID`, `seats`) VALUES ('Air China', '2', '4');
INSERT INTO `airplane` (`airline_name`, `planeID`, `seats`) VALUES ('Air China', '3', '50');
INSERT INTO `airport` (`name`, `city`) VALUES ('JFK', 'NYC');
INSERT INTO `airport` (`name`, `city`) VALUES ('BOS', 'Boston');
INSERT INTO `airport` (`name`, `city`) VALUES ('PVG', 'Shanghai');
INSERT INTO `airport` (`name`, `city`) VALUES ('BEI', 'Beijing');
INSERT INTO `airport` (`name`, `city`) VALUES ('SHEN', 'Shenzhen');
INSERT INTO `airport` (`name`, `city`) VALUES ('SFO', 'San Francisco');
INSERT INTO `airport` (`name`, `city`) VALUES ('LAX', 'Los Angeles');
INSERT INTO `airport` (`name`, `city`) VALUES ('HKA', 'Hong Kong');
INSERT INTO `customer` (`email`, `name`, `password`, `date_of_birth`, `state`, `city`, `street`, `building_no`, `phone_no`, `passport_no`, `passport_exp`, `passport_country`) VALUES ('testcustomer@nyu.edu', 'Test Customer 1,', '1234', '1999/12/19', 'Shanghai', 'Pudong', 'Century Avenue', '15555', '123-4321-4321', '54321', '2025/12/24', 'China');
INSERT INTO `customer` (`email`, `name`, `password`, `date_of_birth`, `state`, `city`, `street`, `building_no`, `phone_no`, `passport_no`, `passport_exp`, `passport_country`) VALUES ('user1@nyu.edu', 'User 1,', '1234', '1999/11/19', 'Shanghai', 'Pudong', 'Century Avenue', '15555', '123-4322-4322', '54322', '2025/12/25', 'China');
INSERT INTO `customer` (`email`, `name`, `password`, `date_of_birth`, `state`, `city`, `street`, `building_no`, `phone_no`, `passport_no`, `passport_exp`, `passport_country`) VALUES ('user2@nyu.edu', 'User 2,', '1234', '1999/10/19', 'Shanghai', 'Pudong', 'Century Avenue', '1702', '123-4323-4323', '54323', '2025/10/24', 'China');
INSERT INTO `customer` (`email`, `name`, `password`, `date_of_birth`, `state`, `city`, `street`, `building_no`, `phone_no`, `passport_no`, `passport_exp`, `passport_country`) VALUES ('user3@nyu.edu', 'User 3,', '1234', '1999/09/19', 'Shanghai', 'Pudong', 'Century Avenue', '1890', '123-4324-4324', '54324', '2025/09/24', 'China');
INSERT INTO `flight` (`planeID`, `airline_name`, `flight_no`, `departure_date_time`, `arrival_date_time`, `departs_from`, `arrives_from`, `base_price`, `flight_status`) VALUES ('3', 'Air China', '102', '2019-04-12 13:25:25', '2019-04-12 16:50:25', 'SFO', 'LAX', '300', 'ontime');
INSERT INTO `flight` (`planeID`, `airline_name`, `flight_no`, `departure_date_time`, `arrival_date_time`, `departs_from`, `arrives_from`, `base_price`, `flight_status`) VALUES ('3', 'Air China', '104', '2019-05-12 13:25:25', '2019-05-12 16:50:25', 'PVG', 'BEI', '300', 'ontime');
INSERT INTO `flight` (`planeID`, `airline_name`, `flight_no`, `departure_date_time`, `arrival_date_time`, `departs_from`, `arrives_from`, `base_price`, `flight_status`) VALUES ('3', 'Air China', '106', '2019-03-12 13:25:25', '2019-03-12 16:50:25', 'PVG', 'BEI', '350', 'delayed');
INSERT INTO `flight` (`planeID`, `airline_name`, `flight_no`, `departure_date_time`, `arrival_date_time`, `departs_from`, `arrives_from`, `base_price`, `flight_status`) VALUES ('2', 'Air China', '206', '2019-07-12 13:25:25', '2019-07-12 16:50:25', 'SFO', 'LAX', '500', 'ontime');
INSERT INTO `flight` (`planeID`, `airline_name`, `flight_no`, `departure_date_time`, `arrival_date_time`, `departs_from`, `arrives_from`, `base_price`, `flight_status`) VALUES ('2', 'Air China', '207', '2019-08-12 13:25:25', '2019-08-12 16:50:25', 'LAX', 'SFO', '300', 'ontime');
INSERT INTO `flight` (`planeID`, `airline_name`, `flight_no`, `departure_date_time`, `arrival_date_time`, `departs_from`, `arrives_from`, `base_price`, `flight_status`) VALUES ('3', 'Air China', '134', '2019-01-12 13:25:25', '2019-01-12 16:50:25', 'JFK', 'BOS', '300', 'delayed');
INSERT INTO `flight` (`planeID`, `airline_name`, `flight_no`, `departure_date_time`, `arrival_date_time`, `departs_from`, `arrives_from`, `base_price`, `flight_status`) VALUES ('1', 'Air China', '296', '2019-07-01 13:25:25', '2019-07-01 16:50:25', 'PVG', 'SFO', '2000', 'ontime');
INSERT INTO `flight` (`planeID`, `airline_name`, `flight_no`, `departure_date_time`, `arrival_date_time`, `departs_from`, `arrives_from`, `base_price`, `flight_status`) VALUES ('1', 'Air China', '715', '2019-04-28 10:25:25', '2019-04-28 13:50:25', 'PVG', 'BEI', '500', 'delayed');
INSERT INTO `flight` (`planeID`, `airline_name`, `flight_no`, `departure_date_time`, `arrival_date_time`, `departs_from`, `arrives_from`, `base_price`, `flight_status`) VALUES ('3', 'Air China', '839', '2018-10-12 13:25:25', '2018-10-12 16:50:25', 'SHEN', 'BEI', '300', 'ontime');
INSERT INTO `ticket` (`ticketID`, `email`, `airline_name`, `flight_no`, `departure_date_time`, `sold_price`, `purchase_date_time`, `card_type`, `card_no`, `name_on_card`, `exp_date`, `sec_code`) VALUES ('1', 'testcustomer@nyu.edu', 'Air China', '102', '2019-04-12 13:25:25', '300', '2019-03-12 11:55:55', 'credit', '1111-2222-3333-4444', 'Test Customer 1', '2023-03-01', '101');
INSERT INTO `ticket` (`ticketID`, `email`, `airline_name`, `flight_no`, `departure_date_time`, `sold_price`, `purchase_date_time`, `card_type`, `card_no`, `name_on_card`, `exp_date`, `sec_code`) VALUES ('2', 'user1@nyu.edu', 'Air China', '102', '2019-04-12 13:25:25', '300', '2019-03-11 11:55:55', 'credit', '1111-2222-3333-5555', 'User 1', '2023-03-01', '101');
INSERT INTO `ticket` (`ticketID`, `email`, `airline_name`, `flight_no`, `departure_date_time`, `sold_price`, `purchase_date_time`, `card_type`, `card_no`, `name_on_card`, `exp_date`, `sec_code`) VALUES ('3', 'user2@nyu.edu', 'Air China', '102', '2019-04-12 13:25:25', '300', '2019-04-11 11:55:55', 'credit', '1111-2222-3333-5555', 'User 2,', '2023-03-01', '101');
INSERT INTO `ticket` (`ticketID`, `email`, `airline_name`, `flight_no`, `departure_date_time`, `sold_price`, `purchase_date_time`, `card_type`, `card_no`, `name_on_card`, `exp_date`, `sec_code`) VALUES ('4', 'user1@nyu.edu', 'Air China', '104', '2019-05-12 13:25:25', '300', '2019-03-21 11:55:55', 'credit', '1111-2222-3333-5555', 'User 1', '2023-03-01', '101');
INSERT INTO `ticket` (`ticketID`, `email`, `airline_name`, `flight_no`, `departure_date_time`, `sold_price`, `purchase_date_time`, `card_type`, `card_no`, `name_on_card`, `exp_date`, `sec_code`) VALUES ('5', 'testcustomer@nyu.edu', 'Air China', '104', '2019-05-12 13:25:25', '300', '2019-04-28 11:55:55', 'credit', '1111-2222-3333-4444', 'Test Customer 1', '2023-03-01', '101');
INSERT INTO `ticket` (`ticketID`, `email`, `airline_name`, `flight_no`, `departure_date_time`, `sold_price`, `purchase_date_time`, `card_type`, `card_no`, `name_on_card`, `exp_date`, `sec_code`) VALUES ('6', 'testcustomer@nyu.edu', 'Air China', '106', '2019-03-12 13:25:25', '350', '2019-03-05 11:55:55', 'credit', '1111-2222-3333-4444', 'Test Customer 1', '2023-03-01', '101');
INSERT INTO `ticket` (`ticketID`, `email`, `airline_name`, `flight_no`, `departure_date_time`, `sold_price`, `purchase_date_time`, `card_type`, `card_no`, `name_on_card`, `exp_date`, `sec_code`) VALUES ('7', 'user3@nyu.edu', 'Air China', '106', '2019-03-12 13:25:25', '350', '2019-02-03 11:55:55', 'credit', '1111-2222-3333-5555', 'User 3', '2023-03-01', '101');
INSERT INTO `ticket` (`ticketID`, `email`, `airline_name`, `flight_no`, `departure_date_time`, `sold_price`, `purchase_date_time`, `card_type`, `card_no`, `name_on_card`, `exp_date`, `sec_code`) VALUES ('8', 'user3@nyu.edu', 'Air China', '839', '2018-10-12 13:25:25', '300', '2018-10-03 11:55:55', 'credit', '1111-2222-3333-5555', 'User 3', '2023-03-01', '101');
INSERT INTO `ticket` (`ticketID`, `email`, `airline_name`, `flight_no`, `departure_date_time`, `sold_price`, `purchase_date_time`, `card_type`, `card_no`, `name_on_card`, `exp_date`, `sec_code`) VALUES ('9', 'user3@nyu.edu', 'Air China', '102', '2019-04-12 13:25:25', '360', '2019-02-03 11:55:55', 'credit', '1111-2222-3333-5555', 'User 3', '2023-03-01', '101');
INSERT INTO `ticket` (`ticketID`, `email`, `airline_name`, `flight_no`, `departure_date_time`, `sold_price`, `purchase_date_time`, `card_type`, `card_no`, `name_on_card`, `exp_date`, `sec_code`) VALUES ('11', 'user3@nyu.edu', 'Air China', '134', '2019-01-12 13:25:25', '300', '2018-10-23 11:55:55', 'credit', '1111-2222-3333-5555', 'User 3', '2023-03-01', '101');
INSERT INTO `ticket` (`ticketID`, `email`, `airline_name`, `flight_no`, `departure_date_time`, `sold_price`, `purchase_date_time`, `card_type`, `card_no`, `name_on_card`, `exp_date`, `sec_code`) VALUES ('12', 'testcustomer@nyu.edu', 'Air China', '715', '2019-04-28 10:25:25', '500', '2019-04-05 11:55:55', 'credit', '1111-2222-3333-4444', 'Test Customer 1', '2023-03-01', '101');
INSERT INTO `ticket` (`ticketID`, `email`, `airline_name`, `flight_no`, `departure_date_time`, `sold_price`, `purchase_date_time`, `card_type`, `card_no`, `name_on_card`, `exp_date`, `sec_code`) VALUES ('14', 'user3@nyu.edu', 'Air China', '206', '2019-07-12 13:25:25', '400', '2019-05-12 11:55:55', 'credit', '1111-2222-3333-5555', 'User 3', '2023-03-01', '101');
INSERT INTO `ticket` (`ticketID`, `email`, `airline_name`, `flight_no`, `departure_date_time`, `sold_price`, `purchase_date_time`, `card_type`, `card_no`, `name_on_card`, `exp_date`, `sec_code`) VALUES ('15', 'user1@nyu.edu', 'Air China', '206', '2019-07-12 13:25:25', '400', '2019-05-13 11:55:55', 'credit', '1111-2222-3333-5555', 'User 1', '2023-03-01', '101');
INSERT INTO `ticket` (`ticketID`, `email`, `airline_name`, `flight_no`, `departure_date_time`, `sold_price`, `purchase_date_time`, `card_type`, `card_no`, `name_on_card`, `exp_date`, `sec_code`) VALUES ('16', 'user2@nyu.edu', 'Air China', '206', '2019-07-12 13:25:25', '400', '2019-04-19 11:55:55', 'credit', '1111-2222-3333-5555', 'User 2', '2023-03-01', '101');
INSERT INTO `ticket` (`ticketID`, `email`, `airline_name`, `flight_no`, `departure_date_time`, `sold_price`, `purchase_date_time`, `card_type`, `card_no`, `name_on_card`, `exp_date`, `sec_code`) VALUES ('17', 'user1@nyu.edu', 'Air China', '207', '2019-08-12 13:25:25', '300', '2019-03-11 11:55:55', 'credit', '1111-2222-3333-5555', 'User 1', '2023-03-01', '101');
INSERT INTO `ticket` (`ticketID`, `email`, `airline_name`, `flight_no`, `departure_date_time`, `sold_price`, `purchase_date_time`, `card_type`, `card_no`, `name_on_card`, `exp_date`, `sec_code`) VALUES ('18', 'testcustomer@nyu.edu', 'Air China', '207', '2019-08-12 13:25:25', '300', '2019-04-25 11:55:55', 'credit', '1111-2222-3333-4444', 'Test Customer 1', '2023-03-01', '101');
INSERT INTO `ticket` (`ticketID`, `email`, `airline_name`, `flight_no`, `departure_date_time`, `sold_price`, `purchase_date_time`, `card_type`, `card_no`, `name_on_card`, `exp_date`, `sec_code`) VALUES ('19', 'user1@nyu.edu', 'Air China', '296', '2019-07-01 13:25:25', '3000', '2019-05-04 11:55:55', 'credit', '1111-2222-3333-5555', 'User 1', '2023-03-01', '101');
INSERT INTO `ticket` (`ticketID`, `email`, `airline_name`, `flight_no`, `departure_date_time`, `sold_price`, `purchase_date_time`, `card_type`, `card_no`, `name_on_card`, `exp_date`, `sec_code`) VALUES ('20', 'testcustomer@nyu.edu', 'Air China', '296', '2019-07-01 13:25:25', '3000', '2019-02-12 11:55:55', 'credit', '1111-2222-3333-4444', 'Test Customer 1', '2023-03-01', '101');
INSERT INTO rates VALUES ('user1@nyu.edu', 'Air China', '102', '2019-04-12 13:25:25', 5, 'Relaxing, check-in and onboarding very professional');
INSERT INTO rates VALUES ('testcustomer@nyu.edu', 'Air China', '102', '2019-04-12 13:25:25', 4, 'Very Comfortable');
INSERT INTO rates VALUES ('user2@nyu.edu', 'Air China', '102', '2019-04-12 13:25:25', 3, 'Satisfied and will use the same flight again');
INSERT INTO rates VALUES ('testcustomer@nyu.edu', 'Air China', '104', '2019-05-12 13:25:25', 1, 'Customer Care services are not good');
INSERT INTO rates VALUES ('user1@nyu.edu', 'Air China', '104', '2019-05-12 13:25:25',5, 'Comfortable journey and Professional');


